{"stats":{"minecraft:used":{"minecraft:bread":3},"minecraft:custom":{"minecraft:open_chest":10,"minecraft:time_since_rest":2458,"minecraft:crouch_one_cm":38,"minecraft:sprint_one_cm":113531,"minecraft:play_time":58159,"minecraft:damage_taken":30,"minecraft:walk_one_cm":45984,"minecraft:sneak_time":56,"minecraft:jump":91,"minecraft:leave_game":1,"minecraft:walk_on_water_one_cm":473,"minecraft:time_since_death":58159,"minecraft:sleep_in_bed":3,"minecraft:climb_one_cm":282,"minecraft:total_world_time":58159,"minecraft:interact_with_crafting_table":1,"minecraft:fall_one_cm":2761,"minecraft:fly_one_cm":16031},"minecraft:picked_up":{"minecraft:crafting_table":1,"minecraft:sweet_berries":3,"biomesoplenty:fir_log":3},"minecraft:mined":{"minecraft:grass":2,"biomesoplenty:fir_leaves":2,"minecraft:spruce_leaves":3,"biomesoplenty:fir_log":3,"minecraft:crafting_table":1}},"DataVersion":3465}