{"stats":{"minecraft:used":{"minecraft:bread":3},"minecraft:custom":{"minecraft:jump":73,"minecraft:time_since_rest":5567,"minecraft:damage_taken":30,"minecraft:crouch_one_cm":38,"minecraft:leave_game":1,"minecraft:play_time":46159,"minecraft:sprint_one_cm":81473,"minecraft:time_since_death":46159,"minecraft:walk_on_water_one_cm":473,"minecraft:walk_one_cm":34572,"minecraft:sneak_time":56,"minecraft:sleep_in_bed":2,"minecraft:total_world_time":46159,"minecraft:climb_one_cm":282,"minecraft:fall_one_cm":2285,"minecraft:fly_one_cm":11696,"minecraft:open_chest":6},"minecraft:picked_up":{"biomesoplenty:fir_log":3,"minecraft:sweet_berries":3},"minecraft:mined":{"minecraft:grass":2,"minecraft:spruce_leaves":3,"biomesoplenty:fir_leaves":2,"biomesoplenty:fir_log":3}},"DataVersion":3465}