{"stats":{"minecraft:picked_up":{"minecraft:pumpkin":2,"minecraft:dirt":10},"minecraft:used":{"minecraft:dirt":6},"minecraft:mined":{"minecraft:grass_block":4,"minecraft:pumpkin":2,"minecraft:dirt":6},"minecraft:custom":{"minecraft:jump":55,"minecraft:time_since_rest":3418,"minecraft:walk_on_water_one_cm":109,"minecraft:sprint_one_cm":15695,"minecraft:play_time":3418,"minecraft:damage_taken":170,"minecraft:time_since_death":3418,"minecraft:walk_one_cm":5165,"minecraft:total_world_time":3418,"minecraft:walk_under_water_one_cm":483,"minecraft:swim_one_cm":1791,"minecraft:fall_one_cm":3186,"minecraft:fly_one_cm":5328}},"DataVersion":3465}