{"stats":{"minecraft:used":{"minecraft:purple_bed":1,"minecraft:bread":5,"minecraft:chest":1},"minecraft:custom":{"minecraft:open_barrel":1,"minecraft:open_chest":12,"minecraft:time_since_rest":10501,"minecraft:crouch_one_cm":589,"minecraft:sprint_one_cm":184134,"minecraft:play_time":66202,"minecraft:damage_taken":156,"minecraft:walk_one_cm":71374,"minecraft:sneak_time":284,"minecraft:walk_under_water_one_cm":1023,"minecraft:jump":183,"minecraft:damage_dealt":39,"minecraft:leave_game":2,"minecraft:walk_on_water_one_cm":2125,"minecraft:time_since_death":66202,"minecraft:sleep_in_bed":3,"minecraft:climb_one_cm":364,"minecraft:total_world_time":66202,"minecraft:swim_one_cm":3235,"minecraft:interact_with_crafting_table":1,"minecraft:fall_one_cm":3448,"minecraft:fly_one_cm":34812},"minecraft:picked_up":{"minecraft:armor_stand":1,"minecraft:leather_chestplate":1,"minecraft:crafting_table":1,"minecraft:cooked_porkchop":1,"minecraft:purple_bed":1,"minecraft:sweet_berries":3,"biomesoplenty:fir_log":3,"minecraft:mushroom_stew":1,"minecraft:sugar_cane":6,"minecraft:chest":1,"minecraft:iron_leggings":1},"minecraft:mined":{"minecraft:grass":2,"minecraft:purple_bed":1,"minecraft:chest":1,"biomesoplenty:fir_leaves":2,"minecraft:spruce_leaves":3,"minecraft:sugar_cane":2,"minecraft:fern":1,"biomesoplenty:fir_log":3,"minecraft:crafting_table":1}},"DataVersion":3465}