{"stats":{"minecraft:used":{"minecraft:black_bed":1},"minecraft:picked_up":{"minecraft:crafting_table":1,"minecraft:black_bed":2,"minecraft:lantern":1},"minecraft:custom":{"minecraft:jump":27,"minecraft:open_chest":13,"minecraft:time_since_rest":1127,"minecraft:crouch_one_cm":291,"minecraft:leave_game":1,"minecraft:sprint_one_cm":9452,"minecraft:play_time":8078,"minecraft:time_since_death":8078,"minecraft:walk_one_cm":17424,"minecraft:sleep_in_bed":1,"minecraft:sneak_time":170,"minecraft:total_world_time":8078,"minecraft:interact_with_crafting_table":1,"minecraft:fly_one_cm":2544},"minecraft:mined":{"minecraft:black_bed":2,"minecraft:crafting_table":1},"minecraft:crafted":{"minecraft:spruce_planks":4,"minecraft:stick":4}},"DataVersion":3465}