{
  "biomesoplenty:biomesoplenty/root": {
    "criteria": {
      "highland": "2024-10-20 01:49:08 +0000"
    },
    "done": true
  },
  "minecraft:recipes/decorations/crafting_table": {
    "criteria": {
      "unlock_right_away": "2024-10-20 01:48:08 +0000"
    },
    "done": true
  },
  "biomesoplenty:biomesoplenty/all_biomes": {
    "criteria": {
      "rocky_shrubland": "2024-10-20 01:49:23 +0000",
      "highland": "2024-10-20 01:49:08 +0000"
    },
    "done": false
  },
  "minecraft:adventure/adventuring_time": {
    "criteria": {
      "minecraft:taiga": "2024-10-20 01:48:09 +0000",
      "minecraft:cherry_grove": "2024-10-20 01:50:43 +0000",
      "minecraft:forest": "2024-10-20 01:50:53 +0000",
      "minecraft:meadow": "2024-10-20 01:48:18 +0000"
    },
    "done": false
  },
  "DataVersion": 3465
}