{
  "dungeons_arise:wda_root": {
    "criteria": {
      "WDA": "2024-10-20 04:55:31 +0000"
    },
    "done": true
  },
  "dungeons_arise:find_bathhouse": {
    "criteria": {
      "location0": "2024-10-20 04:56:38 +0000"
    },
    "done": true
  },
  "minecraft:recipes/decorations/crafting_table": {
    "criteria": {
      "unlock_right_away": "2024-10-20 04:55:31 +0000"
    },
    "done": true
  },
  "minecraft:adventure/root": {
    "criteria": {
      "killed_by_something": "2024-10-20 04:58:09 +0000"
    },
    "done": true
  },
  "minecraft:adventure/adventuring_time": {
    "criteria": {
      "minecraft:beach": "2024-10-20 04:56:10 +0000",
      "minecraft:plains": "2024-10-20 04:55:32 +0000"
    },
    "done": false
  },
  "DataVersion": 3465
}